id;uuid;name;video_link
1;a8992f31-eb4c-422d-86ae-5f3521f1f132;story;although
2;b9dbea6a-1b44-4f62-b9ec-a2636d8b37b3;perky enthusiastically;above moor
3;88583331-a3b0-43f1-8c91-f6cb8b5f34fb;between briefly ick;oof
4;5808d90b-11b0-4058-97a0-ae3635e95b6b;strong upsell;next
5;020311d0-e4e5-4482-add7-e3baeb6be9d8;tight;detective madly
6;6f270ae9-d137-4e71-bc56-515c3a661561;arrange;equally
7;df258cbd-d3f9-46d0-8c7d-647926bac079;boo wide;beyond hoarse
8;8e5e14b6-e6b0-419c-bd66-9bff8c425c8c;yuck so as;ew ignite
9;940c0ac6-50fd-4147-89b8-d9c337b91801;wilderness before;stabilise usefully easily
10;b8ea1df5-b5f7-45a3-a60b-d213598fd171;rigidly;yum ugh shoddy
